year_month,artistName,trackName,playCount,totalMsPlayed
2025-08,A.R. Rahman,Enna Sona,4,634647
2025-08,A.R. Rahman,Guzarish,3,653970
2025-08,A.R. Rahman,Jashn-E-Bahaaraa,5,1260151
2025-08,A.R. Rahman,Kaise Mujhe,1,343741
2025-08,A.R. Rahman,Maahi Ve,1,240614
2025-08,A.R. Rahman,Masti Ki Paathshala,1,219853
2025-08,A.R. Rahman,Mayya,1,236618
2025-08,A.R. Rahman,Nadaan Parinde,1,384000
2025-08,A.R. Rahman,"Rait Zara Si (From ""Atrangi Re"")",1,29541
2025-08,A.R. Rahman,Rang De Basanti,1,363800
2025-08,A.R. Rahman,Roobaroo,1,282973
2025-08,A.R. Rahman,Saathiya,3,1072021
2025-08,A.R. Rahman,Tere Bina,1,309533
2025-08,A.R. Rahman,"Tum Tak (From ""Raanjhanaa"")",5,1217649
2025-08,AP Dhillon,Thodi Si Daaru,1,2561
2025-08,Aditya Rikhari,Sahiba,3,380196
2025-08,Adnan Sami,Tera Chehra,1,392338
2025-08,Akhil Sachdeva,"Humsafar (From ""Badrinath Ki Dulhania"")",2,536926
2025-08,Alka Yagnik,Jo Bhi Kasmein,1,339840
2025-08,Alka Yagnik,Kitni Bechain Hoke,2,445120
2025-08,Ami Mishra,Hasi - Male Version,1,82683
2025-08,Amit Kumar,Bade Achhe Lagte Hain,1,312080
2025-08,Amit Trivedi,"Iktara (From ""Wake Up Sid"")",5,866444
2025-08,Amit Trivedi,Love You Zindagi,1,35147
2025-08,Anand Raj Anand,Kiya Kiya,1,302210
2025-08,Arijit Singh,Mast Magan,4,1236368
2025-08,Arijit Singh,Raat Bhar,2,651162
2025-08,Arko,Nazm Nazm,1,226941
2025-08,Armaan Malik,Sau Aasmaan,2,234506
2025-08,Atif Aslam,"Aadat - From ""Kalyug""",2,529063
2025-08,Atif Aslam,Hona Tha Pyar,1,400214
2025-08,Atif Aslam,O Meri Laila,2,267533
2025-08,Atif Aslam,Pehli Nazar Mein,1,312892
2025-08,Atif Aslam,Tum,1,279482
2025-08,Atif Aslam,"Woh Lamhe Woh Baatein - From ""Zeher""",1,0
2025-08,Ayushmann Khurrana,Mere Liye Tum Kaafi Ho,1,132158
2025-08,Clinton Cerejo,Hey Ya !,7,1533228
2025-08,Dominique,Ye Tumhari Meri Baatein,3,652805
2025-08,Ed Sheeran,Perfect,5,1683455
2025-08,Ed Sheeran,Sapphire (feat. Arijit Singh) - Remix,1,180646
2025-08,Gajendra Verma,Mann Mera,3,769868
2025-08,Hemant Kumar,Beqarar Karke Hamen Yun Na Jaiye,1,189880
2025-08,Himesh Reshammiya,Main Jahaan Rahoon,3,764776
2025-08,Jagjit Singh,Tum Ko Dekha To Yeh Khayal Aaya,4,694886
2025-08,Jasleen Royal,Nachde Ne Saare,1,194761
2025-08,Jatin-Lalit,Dekho Na,1,0
2025-08,Jatin-Lalit,Hum Tum,2,658279
2025-08,Javed Ali,Ek Din Teri Raahon,1,292000
2025-08,Javed Ali,Tum - Version,2,256031
2025-08,Javed Bashir,O Rangrez - Lofi Flip,1,204840
2025-08,Joi Barua,Lala Zula Zalio,1,180751
2025-08,Joi Barua,O'Meri Laila - Radio Version,1,191110
2025-08,Jonita Gandhi,Aahista,1,100643
2025-08,Josh Brar,"Guzaara (From ""Baaghi 4"")",1,1284
2025-08,KK,Ajab Si,2,75850
2025-08,KK,Mera Pehla Pehla Pyaar,3,812669
2025-08,Kailash Kher,Allah Ke Bande,1,246883
2025-08,Kailash Kher,Saiyyan,2,687812
2025-08,Kailash Kher,Saiyyan - Lofi Flip,1,81080
2025-08,Kishore Kumar,Aap Ki Ankhon Mein Kuch,2,498346
2025-08,Kishore Kumar,"Aise Na Mujhe - From ""Darling Darling""",1,264253
2025-08,Kishore Kumar,Ek Ajnabee Haseena Se,2,532290
2025-08,Kishore Kumar,Ek Ladki Bheegi Bhagi Si,1,236800
2025-08,Kishore Kumar,Meri Bheegi Bheegi Si,1,246893
2025-08,Kishore Kumar,O Mere Dil Ke Chain,1,276693
2025-08,Kishore Kumar,Rimjhim Gire Sawan,1,216373
2025-08,Kishore Kumar,"Saagar Jaisi Aankhonwali - From ""Saagar""",1,303400
2025-08,Kishore Kumar,Yeh Jo Mohabbat Hai,1,247756
2025-08,Kishore Kumar,Yeh Sham Mastani,1,276855
2025-08,Kshitij Tarey,Javeda Zindagi-Tose Naina Lage,1,502520
2025-08,Kumar Sanu,Ek Din Aap,2,330132
2025-08,Kunal Ganjawala,"Bheegey Hont - From ""Murder""",1,271986
2025-08,Lata Mangeshkar,Aaja Piya Tohe Pyar Doon,1,251414
2025-08,Lata Mangeshkar,Ajib Dastan Hai Yeh,1,256300
2025-08,Lata Mangeshkar,Bahon Mein Chale Aao,1,241666
2025-08,Lata Mangeshkar,"Kya Yahi Pyar Hai - From ""Rocky""",1,384493
2025-08,Lata Mangeshkar,Lag Ja Gale Se Phir,1,257613
2025-08,Lata Mangeshkar,Tere Bina Jiya Jaye Naa,2,638686
2025-08,Lata Mangeshkar,Tujhse Naraz Nahin Zindagi,1,220106
2025-08,Lata Mangeshkar,Tum Aa Gaye Ho Noor Aa Gaya,1,252360
2025-08,Lucky Ali,Na Tum Jano Na Hum,1,383213
2025-08,Madan Mohan,Tere Liye,1,331676
2025-08,Meenal Jain,Gayee Kaam Se,1,253676
2025-08,Mithoon,"Dhun (From ""Saiyaara"")",1,276643
2025-08,Mithoon,Tere Bin,1,28311
2025-08,Mohammed Rafi,Aaj Mausam Bada Beimaan Hai,1,374256
2025-08,Mohammed Rafi,"Gulabi Ankhen - From ""The Train""",1,197293
2025-08,Mohit Chauhan,Hafiz Hafiz,1,339420
2025-08,Mohit Chauhan,Is This Love,2,658132
2025-08,Mohit Chauhan,Masakali,2,318768
2025-08,Mohit Chauhan,Matargashti,1,328052
2025-08,Mohit Chauhan,"Phir Se Ud Chala (From ""Rockstar"")",1,231804
2025-08,Mohit Chauhan,"Tum Ho (From ""Rockstar"")",1,316500
2025-08,Mukesh,Kabhi Kabhi Mere Dil Mein (Duet),1,298579
2025-08,Mukesh,Kisi Ki Muskurahaton Pe,1,269333
2025-08,Mustafa Zahid,Tera Mera Rishta,1,347040
2025-08,Mustafa Zahid,Toh Phir Aao,1,263695
2025-08,Pritam,Aao Milo Chalo,1,203879
2025-08,Pritam,"Aavan Jaavan (From ""WAR 2"")",1,225308
2025-08,Pritam,Ajj Din Chadheya,1,315013
2025-08,Pritam,"Bheegi Bheegi - From ""Gangster""",1,345240
2025-08,Pritam,Bheegi Si Bhaagi Si,1,223285
2025-08,Pritam,Dooriyan,7,1840699
2025-08,Pritam,Hardum Humdum,7,1285312
2025-08,Pritam,Ik Vaari Aa,1,274687
2025-08,Pritam,In Dino,1,35799
2025-08,Pritam,Kabira,1,223459
2025-08,Pritam,Kyon,3,787034
2025-08,Pritam,Mere Bina,1,289560
2025-08,Pritam,Nagada Nagada,2,456773
2025-08,Pritam,Pee Loon,2,380453
2025-08,Pritam,Prem Ki Naiyya,1,250993
2025-08,Pritam,Tere Pyaar Mein,1,326338
2025-08,Pritam,Teri Ore,2,679089
2025-08,Pritam,Tu Jaane Na,1,341933
2025-08,Pritam,Tum Mile,7,1718709
2025-08,Pritam,Tum Mile - Love Reprise,8,1633657
2025-08,Pritam,Tum Se Hi,8,2283629
2025-08,Pritam,Ye Tune Kya Kiya,1,314239
2025-08,Pritam,Zara Sa,1,303680
2025-08,Raghav Chaitanya,"Hua Main (From ""ANIMAL"")",1,277021
2025-08,Rahat Fateh Ali Khan,Mann Ki Lagan,2,861736
2025-08,Rashid Khan,Aaoge Jab Tum,1,355065
2025-08,Sachet Tandon,Maiyya Mainu,2,339254
2025-08,Sachet Tandon,Malang Sajna,1,17811
2025-08,Sachet Tandon,Mere Sohneya,1,193355
2025-08,Sachet-Parampara,"Humsafar (From ""Saiyaara"")",1,2524
2025-08,Sachin-Jigar,Haareya,2,429270
2025-08,Sachin-Jigar,Mileya Mileya,1,43685
2025-08,Sachin-Jigar,Saibo,3,585525
2025-08,Salim–Sulaiman,Haule Haule,2,527934
2025-08,Shaan,Woh Ladki Hai Kahan,3,918117
2025-08,Shankar Mahadevan,Uff Teri Adaa,4,608716
2025-08,Shankar-Ehsaan-Loy,Mera Yaar,6,2107695
2025-08,Shankar-Ehsaan-Loy,Mitwa,1,382973
2025-08,Shankar-Ehsaan-Loy,O Rangrez,3,771044
2025-08,Shankar-Ehsaan-Loy,Tere Naina,1,278546
2025-08,Shashwat Sachdev,"Sahiba (From ""Phillauri"")",1,49903
2025-08,Shreya Ghoshal,Sarphiri,1,246017
2025-08,Shruti Pathak,Mar Jawaan,1,236286
2025-08,Sia,Snowman,2,331689
2025-08,Sohail Sen,Saiyaara,1,252160
2025-08,Sonu Nigam,Jeene Ke Hain Chaar Din,1,321320
2025-08,Sonu Nigam,Mujhse Shaadi Karogi,1,326226
2025-08,Sonu Nigam,Sau Dard,1,345453
2025-08,Sonu Nigam,Tainu Leke,2,547151
2025-08,Sonu Nigam,Tere Bin,8,924991
2025-08,Sukhwinder Singh,Dard - E - Disco,1,268712
2025-08,Sunidhi Chauhan,Bhage Re Mann,1,6970
2025-08,Sushma Shrestha,Kya Hua Tera Vada,1,257985
2025-08,Suzanne,Le Le Mazaa Le,2,500366
2025-08,Tabassum,Commentary Tabussum And O Saathi Re - Muqaddar Ka Sikandar,1,167134
2025-08,Tabassum,Commentry Tabassum And Humen Tumse Pyar Kitna,1,242080
2025-08,Udit Narayan,Ek Dilruba Hai,1,408840
2025-08,Udit Narayan,Kaho Naa Pyar Hai (Happy),2,847332
2025-08,Udit Narayan,Yun Hi Chala Chal,1,406026
2025-08,Vaibhav Bundhoo,Tere Jaisa,1,311827
2025-08,Vishal-Shekhar,Dil Haara,1,352000
2025-08,Vishal-Shekhar,Dildaara (Stand By Me),1,249660
2025-08,Vishal-Shekhar,Dus Bahane,1,206946
2025-08,Vishal-Shekhar,Ishq Bulaava,10,2483870
2025-08,Vishal-Shekhar,Jaane Kyun,1,277986
2025-08,Vishal-Shekhar,Zehnaseeb,5,871640
2025-09,A.R. Rahman,"Dil Parinda - From ""Ufff Yeh Siyapaa""",1,223625
2025-09,A.R. Rahman,Enna Sona,2,427178
2025-09,A.R. Rahman,Hosanna,2,662750
2025-09,A.R. Rahman,Jashn-E-Bahaaraa,2,630070
2025-09,A.R. Rahman,Phuljhadiyon,1,179217
2025-09,A.R. Rahman,"Rehnuma (From ""Heropanti 2"")",1,112354
2025-09,A.R. Rahman,Tere Bina,1,309640
2025-09,A.R. Rahman,Tu Hai,1,238570
2025-09,A.R. Rahman,"Tum Tak (From ""Raanjhanaa"")",1,304466
2025-09,Alka Yagnik,"Agar Tum Saath Ho (From ""Tamasha"")",2,341072
2025-09,Alka Yagnik,Kitna Pyaara Hai,1,24706
2025-09,Amaal Mallik,Main Rahoon Ya Na Rahoon,1,309482
2025-09,Amit Trivedi,"Iktara (From ""Wake Up Sid"")",1,44713
2025-09,Amit Trivedi,Ishaqzaade,1,28733
2025-09,Anirudh Ravichander,"Badli Si Hawa Hai (From ""The Ba***ds Of Bollywood"")",1,241205
2025-09,Anuradha Paudwal,"Dil Hai Ki Manta Nahin (From ""Dil Hai Ke Manta Nahin"")",1,372293
2025-09,Arijit Singh,Jiye Lagda Na,1,18469
2025-09,Arijit Singh,Mast Magan,1,280126
2025-09,Arijit Singh,Tose Naina,1,263397
2025-09,Arijit Singh,Tumhein Mohabbat Hai,1,187326
2025-09,Atif Aslam,Darasal Lofi Mix,1,249981
2025-09,Daler Mehndi,Garda,1,224211
2025-09,Dhanush,Little Little,1,258298
2025-09,Divya Kumar,"Fateh - From ""Ground Zero""",1,34626
2025-09,Falguni Pathak,Maine Payal Hai Chhankai,1,279026
2025-09,Haricharan,Tere Rang,1,274297
2025-09,Hariharan,Jhonka Hawa Ka,1,347600
2025-09,Jatin-Lalit,Ae Kash Ke Hum,1,310426
2025-09,Jatin-Lalit,Aur Kya,3,302578
2025-09,Jatin-Lalit,Humko Humise Chura Lo,1,473025
2025-09,Javed Bashir,O Rangrez - Lofi Flip,2,409555
2025-09,KK,Abhi Abhi,1,342668
2025-09,KK,Mera Pehla Pehla Pyaar,3,813073
2025-09,Kailash Kher,"Ya Rabba (From ""Salaam-E-Ishq"")",1,418880
2025-09,Kavita Krishnamurthy,Dholi Taro Dhol Baaje,1,375293
2025-09,Kavita Krishnamurthy,Hum Dil De Chuke Sanam,3,1233088
2025-09,Kavita Krishnamurthy,"Kay Sera Sera (From ""Pukar"")",1,364251
2025-09,Kavita Krishnamurthy,Nimbooda,1,384320
2025-09,Kavita Krishnamurthy,"Sunta Hai Mera Khuda (From ""Pukar"")",2,397381
2025-09,Kishore Kumar,Mere Mehboob Qayamat Hogi,2,405148
2025-09,Madan Mohan,Do Pal,1,265926
2025-09,Madan Mohan,Jaane Kyon,1,66779
2025-09,Madan Mohan,Lodi,1,5315
2025-09,Madan Mohan,Tere Liye,1,331676
2025-09,Madan Mohan,Yeh Hum Aa Gaye Hain Kahaan,1,2925
2025-09,Mohit Chauhan,Tum Ho,2,632811
2025-09,Monty Sharma,Yoon Shabnami,1,14294
2025-09,Mustafa Zahid,Toh Phir Aao,1,348280
2025-09,Pritam,"Aavan Jaavan (From ""WAR 2"")",1,225535
2025-09,Pritam,Abhi Kuch Dino Se,1,285686
2025-09,Pritam,Ajj Din Chadheya,1,261258
2025-09,Pritam,Bheegi Si Bhaagi Si,2,556011
2025-09,Pritam,Dooriyan,2,674622
2025-09,Pritam,Hai Junoon,2,587172
2025-09,Pritam,Musafir,1,281343
2025-09,Pritam,Nagada Nagada,1,3100
2025-09,Pritam,Shayad,2,495806
2025-09,Rashid Ali,Toofan Si Kudi,1,216950
2025-09,Sachin-Jigar,"Danger - From ""Param Sundari""",1,167227
2025-09,Sachin-Jigar,"Pardesiya - From ""Param Sundari""",1,231739
2025-09,Sachin-Jigar,Saibo,1,195253
2025-09,Sajid-Wajid,Surili Akhiyon Wale,1,331746
2025-09,Salim–Sulaiman,Shukran Allah,2,301865
2025-09,Shafqat Amanat Ali,Darmiyaan,1,331306
2025-09,Shafqat Amanat Ali,Kyun Main Jaagoon,1,342064
2025-09,Shafqat Amanat Ali,Kyun Main Jaagoon (Unplugged),1,328333
2025-09,Shailesh Ranade,Man Talyat Malyat,2,219250
2025-09,Shankar Mahadevan,Breathless - Album - Breathless 98,1,185720
2025-09,Shankar Mahadevan,Breathless - Shankar Mahadevan,1,9726
2025-09,Shankar Mahadevan,Kaipoche,2,177197
2025-09,Shankar Mahadevan,Man Mohini,2,149799
2025-09,Shankar-Ehsaan-Loy,Achha Lagta Hai,1,236093
2025-09,Shankar-Ehsaan-Loy,Agar Main Kahoon,2,585469
2025-09,Shankar-Ehsaan-Loy,Chup Chup Ke,1,433875
2025-09,Shankar-Ehsaan-Loy,Mera Yaar,2,702381
2025-09,Shankar-Ehsaan-Loy,Mitwa,1,300927
2025-09,Shankar-Ehsaan-Loy,O Rangrez,1,279855
2025-09,Shreya Ghoshal,Chaka Chak,1,271280
2025-09,Shreya Ghoshal,Saathiyaa,2,621812
2025-09,Shruti Pathak,Mar Jawaan,1,14023
2025-09,Sonu Nigam,"Dil Ne Yeh Kaha Hain Dil Se (From ""Dhadkan"")",1,347350
2025-09,Sonu Nigam,Salaam-E-Ishq,1,263005
2025-09,Sonu Nigam,Tere Bin,2,488224
2025-09,Sunidhi Chauhan,"Marhaba (From ""Dharmarakshak Mahaveer Chhatrapati Sambhaji Maharaj Part 1"") (Hindi)",1,8752
2025-09,Sunil Kamath,Kinna Sona,2,607429
2025-09,Thaman S,"Dummare Dumma (From ""Skanda"") (Hindi)",1,251608
2025-09,Udit Narayan,Chand Chhupa Badal Mein,2,694026
2025-09,Udit Narayan,Ek Dilruba Hai,1,408840
2025-09,Udit Narayan,Yun Hi Chala Chal,2,453347
2025-09,Ustad Sultan Khan,Albela Sajan,2,397680
2025-09,Vinod Rathod,"Chhupana Bhi Nahin Aata - From ""Baazigar- Hindi""",1,419040
2025-09,Vishal Bhardwaj,Chhod Aaye Hum,1,312986
2025-09,Vishal-Shekhar,Dil Diyan Gallan,1,260390
2025-09,Vishal-Shekhar,Falak Tak,1,356224
2025-10,A.R. Rahman,Jashn-E-Bahaaraa,1,315173
2025-10,A.R. Rahman,Tu Hai,1,238688
2025-10,Alka Yagnik,Agar Tum Saath Ho,1,341054
2025-10,Amaal Mallik,Main Rahoon Ya Na Rahoon,1,309457
2025-10,Amit Trivedi,Iktara,1,252573
2025-10,Amit Trivedi,Tu Hi Hai,1,146010
2025-10,Arijit Singh,"Humdard (From ""Ek Villain"")",1,260590
2025-10,Arijit Singh,Mast Magan,1,280161
2025-10,Arijit Singh,Tose Naina,1,263549
2025-10,Atif Aslam,Bakhuda Tumhi Ho,1,169960
2025-10,Atif Aslam,Darasal Lofi Mix,1,250090
2025-10,Atif Aslam,Pehli Dafa,1,298771
2025-10,Jasleen Royal,Din Shagna Da,1,155286
2025-10,Jatin-Lalit,Aur Kya,1,303733
2025-10,KK,Ajab Si,1,3260
2025-10,KK,Mera Pehla Pehla Pyaar,1,271025
2025-10,Kailash Kher,Saiyyan,1,343906
2025-10,Kailash Kher,"Ya Rabba (From ""Salaam-E-Ishq"")",1,418880
2025-10,Mustafa Zahid,Tere Binaa,1,203180
2025-10,Pritam,Bheegi Si Bhaagi Si,1,278093
2025-10,Pritam,Dooriyan,2,651691
2025-10,Pritam,Hai Junoon,1,331572
2025-10,Pritam,Mehrama,1,249415
2025-10,Pritam,Musafir,1,281518
2025-10,Pritam,Safar,1,365669
2025-10,Pritam,Shayad,1,247941
2025-10,Pritam,Tum Se Hi,2,563844
2025-10,Pritam,Yeh Dooriyan,1,241636
2025-10,Shafqat Amanat Ali,Darmiyaan,1,353500
2025-10,Shafqat Amanat Ali,Kyun Main Jaagoon,1,342064
2025-10,Shafqat Amanat Ali,Kyun Main Jaagoon (Unplugged),1,328333
2025-10,Shafqat Amanat Ali,Teri Jhuki Nazar - Film Version,1,278093
2025-10,Shankar-Ehsaan-Loy,Mitwa,1,19424
2025-10,Shankar-Ehsaan-Loy,O Rangrez,1,385000
2025-10,Sonu Nigam,Tere Bin,1,244151
2025-10,Vishal-Shekhar,Dil Diyan Gallan,1,260536
2025-10,Vishal-Shekhar,Falak Tak,1,356179
2025-10,Vishal-Shekhar,Tujhe Bhula Diya,1,224683
2025-11,A.R. Rahman,Kaise Mujhe,1,2445
2025-11,A.R. Rahman,Tere Bina,1,309640
2025-11,Abhijeet,Suno Na Suno Na,1,321227
2025-11,Abhishek Bachchan,Right Here Right Now,1,182533
2025-11,Adnan Sami,Gela Gela Gela,1,276320
2025-11,Adnan Sami,Mehbooba Mehbooba,1,447000
2025-11,Alisha Chinai,Aaj Ki Raat,2,491001
2025-11,Alka Yagnik,Chori Chori,1,324880
2025-11,Alka Yagnik,Tere Naam,1,390387
2025-11,Atif Aslam,"Woh Lamhe Woh Baatein - From ""Zeher""",1,320040
2025-11,Chithra,Kasam Ki Kasam,1,361867
2025-11,Falak Shabbir,Saajna,1,50200
2025-11,Geek Music,"Bang Bang (My Baby Shot Me Down) [From""Kill Bill""]",3,481473
2025-11,Geek Music,Killing Eve: Main Title Theme: Killer Shangri-Lah,1,24276
2025-11,Himesh Reshammiya,Aashiqui Mein Teri,1,293840
2025-11,Himesh Reshammiya,Jhalak Dikhla Ja,1,317560
2025-11,Jatin-Lalit,Aankhein Khuli,1,422713
2025-11,Jatin-Lalit,Mere Haath Mein,1,285858
2025-11,Javed Ali,Ek Din Teri Raahon,1,292000
2025-11,KK,Chale Jaise Hawaien,1,324053
2025-11,KK,Maine Dil Se Kaha,1,312787
2025-11,Kavita Krishnamurthy,Dholi Taro Dhol Baaje,1,14140
2025-11,Kavita Krishnamurthy,Hum Dil De Chuke Sanam,1,406413
2025-11,Kunal Ganjawala,Dil Keh Reha Ha,1,43021
2025-11,Lucky Ali,Ek Pal Ka Jeena,1,397427
2025-11,Mahalakshmi Iyer,"Kabhi Sham Dhale - From ""Sur (The Melody Of Life)""",1,485773
2025-11,Manak-E,Paisa,1,234387
2025-11,Mohit Chauhan,Is This Love,1,329167
2025-11,Monali Thakur,Zara Zara Touch Me,1,285620
2025-11,Monty Sharma,Jab Se Tere Naina,1,3203
2025-11,Pritam,Ajj Din Chadheya,1,315013
2025-11,Pritam,Teri Ore,1,339644
2025-11,Pritam,Tum Mile,1,343787
2025-11,Rahat Fateh Ali Khan,Mann Ki Lagan,1,291920
2025-11,Rashid Ali,Kabhi Kabhi Aditi,1,218836
2025-11,Salim Merchant,Khudaya Ve,1,15790
2025-11,Sanam,Tujhse Naraz Nahi Zindagi,1,3181
2025-11,Sandesh Shandilya,Deewana Hai Dekho,1,345267
2025-11,Shaan,Woh Ladki Hai Kahan,1,306133
2025-11,Shaan,You're My Love,1,279120
2025-11,Shafqat Amanat Ali,Kyun Main Jaagoon (Unplugged),1,328333
2025-11,Shafqat Amanat Ali,Teri Jhuki Nazar - Film Version,1,18009
2025-11,Shankar Mahadevan,Bumbro,1,308493
2025-11,Shankar-Ehsaan-Loy,Wake Up Sid!,1,231240
2025-11,Sonu Nigam,Kasto Mazza,1,279589
2025-11,Sonu Nigam,Sau Dard,1,345453
2025-11,Sonu Nigam,Tumse Milke Dil Ka,2,26337
2025-11,Vishal Dadlani,"Jee Le Zaraa (From ""Talaash"")",1,215203
2025-11,Vishal-Shekhar,Dil Haara,1,352000
2025-11,Vishal-Shekhar,Tu Aashiqui Hai,1,210648
2025-11,Wajid,Soni De Nakhre,1,261013
2025-11,Yao Si Ting,Speak Softly Love,1,16310
2025-12,A.R. Rahman,Hosanna,1,166216
2025-12,Anupam Roy,Bezubaan,1,341178
2025-12,Geek Music,"Bang Bang (My Baby Shot Me Down) [From""Kill Bill""]",1,160491
2025-12,KK,Mera Pehla Pehla Pyaar,1,265475
2025-12,Kailash Kher,"Mere Nishaan (From ""Oh My God"")",1,300719
2025-12,Kailash Kher,"Ya Rabba (From ""Salaam-E-Ishq"")",1,418880
2025-12,Manan Bhardwaj,Chitta,1,157288
2025-12,Manan Bhardwaj,Khuda,1,183529
2025-12,Mohan Kannan,Chaandaniya,1,247862
2025-12,Mustafa Zahid,Yeh Junoon,2,415731
2025-12,Pritam,Bheegi Si Bhaagi Si,1,268163
2025-12,Pritam,Teri Jhuki Nazar,1,279187
2025-12,Pritam,Yaariyaan - Male,1,374173
2025-12,Rashid Ali,Kahin To,2,606412
2025-12,Shankar-Ehsaan-Loy,O Rangrez,1,5060
2025-12,The Gentle Waves,Falling from Grace,1,19376
2025-12,Vishal-Shekhar,Bin Tere,1,330360
2026-01,A.R. Rahman,Enna Sona,5,640941
2026-01,A.R. Rahman,"Enna Sona (From ""OK Jaanu"")",1,170542
2026-01,A.R. Rahman,Hosanna,6,662858
2026-01,A.R. Rahman,Jashn-E-Bahaaraa,6,1074240
2026-01,A.R. Rahman,Maahi Ve,3,526651
2026-01,A.R. Rahman,Nadaan Parinde,1,333163
2026-01,A.R. Rahman,Rang De Basanti,6,862420
2026-01,A.R. Rahman,Tere Bina,5,620880
2026-01,A.R. Rahman,Tu Hai,9,1188912
2026-01,A.R. Rahman,"Tum Tak (From ""Raanjhanaa"")",1,304459
2026-01,Aditi Singh Sharma,Offo,6,828521
2026-01,Akriti Kakar,Iski Uski,2,328065
2026-01,Amaal Mallik,Main Rahoon Ya Na Rahoon,9,1518996
2026-01,Amit Kumar,Jao Tum Chaahe Jahan,1,484840
2026-01,Amit Trivedi,Iktara,5,757719
2026-01,Amit Trivedi,"Iktara (From ""Wake Up Sid"")",1,206384
2026-01,Amit Trivedi,Ishaqzaade,5,870481
2026-01,Anirudh Ravichander,Powerhouse,1,23772
2026-01,Arijit Singh,Mast Magan,7,1245066
2026-01,Arijit Singh,Tose Naina,6,863000
2026-01,Arko,Dariya,6,878466
2026-01,Arko,Meherbani,1,0
2026-01,Armaan Malik,"Hum Nahi Sudhrenge (From ""Golmaal Again!!!"")",1,75647
2026-01,Asees Kaur,Palki Mein Hoke Sawaar (Take 2),1,58662
2026-01,Asha Bhosle,Prem Mein Tohre,1,238838
2026-01,Atif Aslam,Bakhuda Tumhi Ho,2,421442
2026-01,Atif Aslam,Darasal Lofi Mix,4,500180
2026-01,Atif Aslam,O Meri Laila,1,281856
2026-01,Benny Dayal,Locha-E-Ulfat,8,1425707
2026-01,Bunny,"Tu Hain Toh (From ""Mr. And Mrs. Mahi"")",1,283540
2026-01,Darshan Raval,Ek Tarfa,1,140286
2026-01,Dikshant,Aankhon Se Batana,2,247346
2026-01,Dominique,Ye Tumhari Meri Baatein,1,324058
2026-01,Dominique Cerejo,Sooraj Ki Baahon Mein,1,202919
2026-01,Falak Shabbir,Mera Mann Kehne Laga,1,227335
2026-01,Falak Shabbir,Saajna,1,281510
2026-01,Farhan Akhtar,Rock On!!,1,231819
2026-01,Farhan Akhtar,Sinbad The Sailor,1,387262
2026-01,Farhan Akhtar,Socha Hai,2,248440
2026-01,Farhan Akhtar,Tum Ho Toh,2,261546
2026-01,Hariharan,Dil Ne Dil Se Iqrar Kiya,1,1289
2026-01,Hariharan,Jhonka Hawa Ka,1,347600
2026-01,Harshdeep Kaur,Uff,4,544224
2026-01,IZSHOJ,Jab Bhi Teri Yaad,1,238000
2026-01,Jasleen Royal,"Ranjha (From ""Shershaah"")",1,92738
2026-01,Jatin-Lalit,Aur Kya,5,911199
2026-01,Javed Ali,Ek Din Teri Raahon,5,876000
2026-01,Javed Bashir,O Rangrez - Lofi Flip,4,193958
2026-01,Jawad Ahmad,"Samjhawan (Unplugged by Alia Bhatt) [From ""Humpty Sharma Ki Dulhania""]",1,215611
2026-01,Jeet Gannguli,Jo Tere Sang,1,49071
2026-01,Joi Barua,O'Meri Laila - Radio Version,5,207078
2026-01,KK,Abhi Abhi,5,1028007
2026-01,KK,Chale Jaise Hawaien,1,324053
2026-01,KK,Mera Pehla Pehla Pyaar,6,813078
2026-01,KK,Such Keh Raha Hai,6,685840
2026-01,Kailash Kher,Chak Lein De,2,411927
2026-01,Kavita Seth,Ek Nazar,1,30105
2026-01,Kazinama,Kazinama - Jaane Wo Kaise,1,113838
2026-01,Kishore Kumar,Mere Mehboob Qayamat Hogi,4,243160
2026-01,Lucky Ali,Na Tum Jano Na Hum,1,299043
2026-01,Mahalakshmi Iyer,Pyaar Ki Dastaan,1,48312
2026-01,Mame Khan,Baawre,2,617232
2026-01,Manan Bhardwaj,Chitta,1,228189
2026-01,Manan Bhardwaj,Khuda,1,183529
2026-01,Manan Bhardwaj,Shiddat Title Track,1,230876
2026-01,Mano,Muqabala Muqabala,1,31919
2026-01,Meet Bros Anjjan,Chittiyaan Kalaiyaan,1,246100
2026-01,Mithoon,"Humnava (From ""Hamari Adhuri Kahani"")",1,328854
2026-01,Mohammad Faiz,Merre Liye,1,5769
2026-01,Mohammed Irfan,Phir Mohabbat,1,329851
2026-01,Mohan Kannan,Chaandaniya,25,4187986
2026-01,Mohan Kannan,Lamha Ye Jayega Kahan,1,43231
2026-01,Mohit Chauhan,Matargashti,9,1564236
2026-01,Mohit Chauhan,Tum Ho,7,1561067
2026-01,Monty Sharma,Jab Se Tere Naina,1,284573
2026-01,Mustafa Zahid,Tere Binaa,1,203180
2026-01,Nooran Sisters,Ek Nadi Thi,1,11124
2026-01,Piyush Mishra,Ik Bagal,1,328467
2026-01,Pritam,Aahun Aahun,1,290493
2026-01,Pritam,Aao Milo Chalo,1,112500
2026-01,Pritam,Abhi Kuch Dino Se,1,285687
2026-01,Pritam,Bheegi Si Bhaagi Si,6,842149
2026-01,Pritam,Chor Bazaari,1,257440
2026-01,Pritam,Dooriyan,8,1738411
2026-01,Pritam,Hai Junoon,8,1398743
2026-01,Pritam,I Am In Love,1,285109
2026-01,Pritam,I Love You,1,256813
2026-01,Pritam,Khudaya Khair,1,280558
2026-01,Pritam,Love Mera Hit Hit,1,286035
2026-01,Pritam,Marjaani,2,647884
2026-01,Pritam,Mauja Hi Mauja,1,245100
2026-01,Pritam,Mere Bina,2,511120
2026-01,Pritam,Musafir,6,1407595
2026-01,Pritam,Nagada Nagada,1,228469
2026-01,Pritam,Parda,1,321295
2026-01,Pritam,Prem Ki Naiyya,6,794508
2026-01,Pritam,Rabba Main Toh Mar Gaya Oye,1,280520
2026-01,Pritam,Safar,12,3489974
2026-01,Pritam,Shayad,6,1009312
2026-01,Pritam,Subhanallah,1,249707
2026-01,Pritam,Te Amo (Duet),1,284723
2026-01,Pritam,Tera Hone Laga Hoon,3,599654
2026-01,Pritam,Teri Ore,5,822228
2026-01,Pritam,Tujhko Jo Paaya,6,554481
2026-01,Pritam,Tum Mile,4,687574
2026-01,Pritam,Tum Se Hi,1,321225
2026-01,Pritam,Zor Ka Jhatka,1,248131
2026-01,RDB,Om Mangalam,1,264227
2026-01,Rabbi Shergill,Tere Bin,5,794146
2026-01,Raghav Kaushik,Khaare Raste Reprise,1,135964
2026-01,Rahat Fateh Ali Khan,Mann Ki Lagan,3,583840
2026-01,Ranjit Barot,Sound Of The Future,1,17620
2026-01,Rashid Ali,Kabhi Kabhi Aditi,4,437672
2026-01,Rashid Ali,Kahin To,1,303206
2026-01,Ritu Pathak,Jalebi Bai,1,234545
2026-01,Sachet Tandon,"Bekhayali (From ""Kabir Singh"")",2,371816
2026-01,Sachet Tandon,Maiyya Mainu,1,231576
2026-01,Sachin-Jigar,Char Baj Gaye - Party Abhi Baaki Hai,1,213880
2026-01,Sachin-Jigar,"Pardesiya - From ""Param Sundari""",1,231739
2026-01,Sadhana Sargam,Saat Samundar Paar Happy,1,397201
2026-01,Sagar Kalra,Phir bhi aas lagi hai 2.0,1,42554
2026-01,Sajid-Wajid,Surili Akhiyon Wale,4,470218
2026-01,Saleem Shahzada,Mast Kalandar,1,345788
2026-01,Salim–Sulaiman,Shukran Allah,5,870159
2026-01,Sanam,Gulabi Aankhen,1,197760
2026-01,Shaan,Woh Ladki Hai Kahan,5,895806
2026-01,Shaan,You're My Love,1,31845
2026-01,Shafqat Amanat Ali,Teri Jhuki Nazar - Film Version,1,278093
2026-01,Shailesh Ranade,Man Talyat Malyat,5,436298
2026-01,Shankar Mahadevan,Breathless - Album - Breathless 98,1,185720
2026-01,Shankar Mahadevan,Bumbro,2,616986
2026-01,Shankar Mahadevan,Hullaare,2,269319
2026-01,Shankar Mahadevan,Man Mohini,2,294426
2026-01,Shankar Mahadevan,Uff Teri Adaa,7,1267714
2026-01,Shankar-Ehsaan-Loy,Achha Lagta Hai,6,944372
2026-01,Shankar-Ehsaan-Loy,Agar Main Kahoon,5,878400
2026-01,Shankar-Ehsaan-Loy,Chup Chup Ke,5,1301760
2026-01,Shankar-Ehsaan-Loy,It's the Time to Disco,1,333093
2026-01,Shankar-Ehsaan-Loy,Jhoom Barabar Jhoom,2,563736
2026-01,Shankar-Ehsaan-Loy,Kuch To Hua Hai,4,639120
2026-01,Shankar-Ehsaan-Loy,Kya Karoon?,1,237013
2026-01,Shankar-Ehsaan-Loy,Mera Yaar,6,1547671
2026-01,Shankar-Ehsaan-Loy,O Rangrez,3,0
2026-01,Shashwat Sachdev,Dhurandhar - Title Track,1,155591
2026-01,Shashwat Sachdev,Move - Yeh Ishq Ishq,1,204359
2026-01,Shilpa,Saiyaan Re,1,152663
2026-01,Shreya Ghoshal,Saathiyaa,5,932775
2026-01,Sidharth Basrur,Jaaniya,1,22960
2026-01,Simran Hora,Tu Mera Raazi,1,213531
2026-01,Sohail Sen,Choomantar,1,260415
2026-01,Sona Mohapatra,"Naina (From ""Khoobsurat"")",1,225569
2026-01,Sonu Nigam,Dil Dooba,1,108236
2026-01,Sonu Nigam,Just Chill,1,325640
2026-01,Sonu Nigam,Sau Dard,4,1036359
2026-01,Sonu Nigam,Tainu Leke,1,221042
2026-01,Sonu Nigam,Tere Bin,5,976608
2026-01,Sukriti Kakar,Pehli Baar,1,263810
2026-01,Sunidhi Chauhan,Halka Halka,1,155655
2026-01,Sunil Kamath,Kinna Sona,5,305379
2026-01,Swanand Kirkire,Khoya Khoya Chand,1,161801
2026-01,Swanand Kirkire,Tu Kisi Rail Si,1,230960
2026-01,Talwiinder,Haseen,1,119998
2026-01,Ustad Sultan Khan,Albela Sajan,1,198840
2026-01,Vikrant Bhartiya,Arziyaan,1,39298
2026-01,Vishal-Shekhar,Desi Girl,1,306987
2026-01,Vishal-Shekhar,Dil Diyan Gallan,5,781611
2026-01,Vishal-Shekhar,Dildaara (Stand By Me),1,249661
2026-01,Vishal-Shekhar,Dus Bahane,1,206947
2026-01,Vishal-Shekhar,Falak Tak,5,1068540
2026-01,Vishal-Shekhar,I Hate Luv Storys,1,285213
2026-01,Vishal-Shekhar,Khabar Nahi,1,256385
2026-01,Vishal-Shekhar,Khuda Jaane,4,353527
2026-01,Vishal-Shekhar,Manchala,3,227507
2026-01,Vishal-Shekhar,Sajna Ji Vaari Vaari,1,221893
2026-01,Vishal-Shekhar,Small Town Girl,1,215491
2026-01,Vishal-Shekhar,Tera Rastaa Chhodoon Na,1,252964
2026-01,Yo Yo Honey Singh,"Khadke Glassy - From ""Jabariya Jodi""",1,137452
2026-02,A.R. Rahman,Enna Sona,1,0
2026-02,A.R. Rahman,Jashn-E-Bahaaraa,1,0
2026-02,A.R. Rahman,"Piya Milenge (From ""Raanjhanaa"")",3,714966
2026-02,A.R. Rahman,Saathiya,1,357433
2026-02,A.R. Rahman,Tere Bina,1,309640
2026-02,Aditi Singh Sharma,Offo,1,0
2026-02,Alka Yagnik,Dil Mein Jo Baat,1,301864
2026-02,Amit Trivedi,Chokra Jawaan,1,310152
2026-02,Amit Trivedi,Iktara,1,252573
2026-02,Amit Trivedi,Naina Da Kya Kasoor,1,0
2026-02,Arijit Singh,"Palat - Tera Hero Idhar Hai (From ""Main Tera Hero"")",1,270676
2026-02,Arko,Dariya,1,0
2026-02,Atif Aslam,Pehli Nazar Mein,1,312893
2026-02,Benny Dayal,"Abcd -Yaariyan (From ""Yaariyan"")",1,205513
2026-02,Benny Dayal,Pappu Can't Dance,2,283772
2026-02,Dominique,Ye Tumhari Meri Baatein,1,324058
2026-02,Gurinder Seagal,Gf Bf,1,314491
2026-02,Jagjit Singh,Kal Chaudhvin Ki Raat Thi,2,627795
2026-02,Jubin Nautiyal,Bawara Mann,1,0
2026-02,KK,Abhi Abhi,1,0
2026-02,KK,Chale Jaise Hawaien,1,324053
2026-02,Kamaal Khan,O O Jaane Jaana,1,345240
2026-02,Kishore Kumar,Mere Mehboob Qayamat Hogi,1,0
2026-02,Kumaar,Jagga Jiteya,1,191489
2026-02,Mame Khan,Baawre,2,485236
2026-02,Mohan Kannan,Chaandaniya,1,200540
2026-02,Mohit Chauhan,Is This Love,1,329167
2026-02,Mohit Chauhan,Masakali,1,288647
2026-02,Mohit Chauhan,Matargashti,1,0
2026-02,Neeraj Shridhar,Aai Paapi,1,260053
2026-02,Neeraj Shridhar,Heyy Babyy,1,274577
2026-02,Pritam,Musafir,1,0
2026-02,Pritam,Safar,1,365669
2026-02,Pritam,Subha Hone Na De,1,288696
2026-02,Pritam,Teri Ore,1,339592
2026-02,Pritam,Tujhko Jo Paaya,1,0
2026-02,Pritam,Tum Mile,1,0
2026-02,Rabbi Shergill,Tere Bin,1,0
2026-02,Rashid Ali,Kabhi Kabhi Aditi,1,218836
2026-02,Rishab Rikhiram Sharma,Shiv Kailash (Live in Mumbai),1,263500
2026-02,Roop Kumar Rathod,"To Chalun - From ""Border""",1,458693
2026-02,Sajid-Wajid,Surili Akhiyon Wale,1,0
2026-02,Salim–Sulaiman,Shukran Allah,1,285973
2026-02,Salim–Sulaiman,Tauba Tauba,1,305347
2026-02,Sanjay Leela Bhansali,Jhume Re Gori,1,109538
2026-02,Shah Rukh Khan,Apun Bola,1,85667
2026-02,Shankar Mahadevan,Bumbro,1,281420
2026-02,Shankar Mahadevan,Dil Chahta Hai,1,310080
2026-02,Shankar Mahadevan,Kay Sera Sera,1,186716
2026-02,Shankar-Ehsaan-Loy,Agar Main Kahoon,1,292800
2026-02,Shankar-Ehsaan-Loy,Kuch To Hua Hai,1,0
2026-02,Shankar-Ehsaan-Loy,Tere Naina,1,278547
2026-02,Sohail Sen,Madhubala,1,263236
2026-02,Sonu Nigam,Yeh Dil Deewana,1,426400
2026-02,Suzanne,Le Le Mazaa Le,1,250183
2026-02,Vishal Bhardwaj,Naina,1,229255
2026-02,Yo Yo Honey Singh,Aankhon Aankhon,1,262
2026-02,Yo Yo Honey Singh,"Sunny Sunny (From ""Yaariyan"")",1,243319
2026-03,A.R. Rahman,Chhalka Chhalka Re,1,129353
2026-03,A.R. Rahman,Enna Sona,1,213647
2026-03,A.R. Rahman,Hosanna,1,331400
2026-03,A.R. Rahman,Jashn-E-Bahaaraa,1,5880
2026-03,A.R. Rahman,Maahi Ve,1,0
2026-03,A.R. Rahman,Rang De Basanti,2,363810
2026-03,A.R. Rahman,Tere Bina,5,309640
2026-03,A.R. Rahman,Tu Hai,1,238688
2026-03,Abeer Arora,No Chance,1,674
2026-03,Aditi Singh Sharma,Offo,1,213942
2026-03,Aditya Rikhari,Ae Ajnabee | Coke Studio Bharat,1,26370
2026-03,Adnan Sami,Gela Gela Gela,1,5007
2026-03,Ali Zafar,Dhichkyaaon Doom Doom 1,1,274443
2026-03,Amit Trivedi,Iktara,1,252573
2026-03,Amit Trivedi,Qaafirana,1,264140
2026-03,Amitabh Bachchan,Rang Barse Bheege Chunarwali,1,366267
2026-03,Anupama,Uljhi Hai Yeh Kis Jaal Mein Tu - Humko Aajkal Hai Intezaar,1,16859
2026-03,Anuradha Paudwal,Jaan Meri Ja Rahi Sanam,1,46540
2026-03,Arijit Singh,Mast Magan,1,508572
2026-03,Arijit Singh,Tose Naina,1,263549
2026-03,Arijit Singh,Vida Karo,1,270218
2026-03,Atif Aslam,Hona Tha Pyar,1,221987
2026-03,Atif Aslam,O Meri Laila,3,816398
2026-03,Atif Aslam,Tere Liye,1,279827
2026-03,Atif Aslam,"Woh Lamhe Woh Baatein - From ""Zeher""",1,320040
2026-03,Badshah,"Kar Gayi Chull (From ""Kapoor & Sons (Since 1921)"")",1,187711
2026-03,Bali,"Meri Baggi Mera Ghoda (From ""Wild Wild Punjab"")",1,152203
2026-03,Bappi Lahiri,Tamma Tamma Again,1,18285
2026-03,Benny Dayal,Locha-E-Ulfat,3,865386
2026-03,Benny Dayal,Tu Meri Dost Hain,1,309156
2026-03,Brijesh Shandilya,Sulthan,1,11145
2026-03,Chaar Diwaari,Farebi,1,68201
2026-03,Dev Negi,"Badri Ki Dulhania (Title Track) [From ""Badrinath Ki Dulhania""]",1,206859
2026-03,Fazilpuria,2 Many Girls,1,203837
2026-03,Gajendra Verma,O Sajna,1,44492
2026-03,Gaurav Dagaonkar,"Barfani (From ""Babumoshai Bandookbaaz"") [Female Vocals]",1,2124
2026-03,Harshdeep Kaur,Katiya Karun,1,231060
2026-03,Harshdeep Kaur,Uff,1,272112
2026-03,Himesh Reshammiya,Kola Laka Vellari,2,340524
2026-03,Jatin-Lalit,Dekho Na,1,322194
2026-03,Javed Ali,Ek Din Teri Raahon,2,584000
2026-03,Javed Ali,Gale Lag Ja - Version 1,1,148255
2026-03,Jeet-Pritam,Hum Dono Jaisa,1,341551
2026-03,Jigar,Johnny Johnny - Jhankar,1,189011
2026-03,Joi Barua,O'Meri Laila - Radio Version,1,191138
2026-03,KK,Mera Pehla Pehla Pyaar,1,271026
2026-03,Kanika Kapoor,Beat Pe Booty,1,197576
2026-03,Khushi TDT,Victory Anthem,1,157351
2026-03,Kishore Kumar,Khaike Paan Banaras Wala,1,237200
2026-03,Kumaar,Main Nai Tuttna,1,205714
2026-03,Madan Mohan,Main Yahaan Hoon,1,6396
2026-03,Mame Khan,Baawre,2,611617
2026-03,Mohit Chauhan,Matargashti,1,328052
2026-03,Mohit Chauhan,Pehli Baar Mohabbat,1,321283
2026-03,Monty Sharma,Yoon Shabnami,1,315360
2026-03,Munawar Masoom,Murshid Khele Holi,1,102734
2026-03,Nawazuddin Siddiqui,Mantoiyat (Manto),1,100223
2026-03,Nucleya,Let's Nacho,1,215076
2026-03,Orunima Bhattacharya,Barfani - Female,1,867
2026-03,Panther,Galat Karam,1,69292
2026-03,Pranaay,Feel The Rhythm,1,169839
2026-03,Pritam,Badtameez Dil,1,252760
2026-03,Pritam,Balam Pichkari,1,288903
2026-03,Pritam,Bheegi Si Bhaagi Si,1,278093
2026-03,Pritam,Crazy Kiya Re,1,294504
2026-03,Pritam,Dooriyan,1,337360
2026-03,Pritam,Hai Junoon,1,191613
2026-03,Pritam,Mauja Hi Mauja,1,245100
2026-03,Pritam,Musafir,1,281519
2026-03,Pritam,Prem Ki Naiyya,1,251130
2026-03,Pritam,Rabba Main Toh Mar Gaya Oye,1,280520
2026-03,Pritam,Shayad,1,247941
2026-03,Pritam,Shikdum,1,327576
2026-03,Pritam,Tera Hone Laga Hoon,1,299827
2026-03,Pritam,Teri Ore,1,339592
2026-03,Pritam,"Tu Hi Meri Shab Hai - From ""Gangster""",1,2918
2026-03,Pritam,Tum Hi Ho Bandhu,1,283693
2026-03,Pritam,Tum Mile,2,687574
2026-03,Pritam,Tum Mile - Love Reprise,1,303320
2026-03,Pritam,Zor Ka Jhatka,1,248131
2026-03,RDB,Aloo Chaat (Title Track),1,309747
2026-03,Rabbi Shergill,Tere Bin,1,322701
2026-03,Raftaar,Ghana Kasoota (feat. Surbhi Jyoti),1,168641
2026-03,Rahat Fateh Ali Khan,Mann Ki Lagan,2,583840
2026-03,Rekha Bhardwaj,"Ranjha Ranjha (From ""Raavan"")",1,352063
2026-03,Sachin-Jigar,G Phaad Ke,1,193013
2026-03,Sachin-Jigar,Gulabi,1,230661
2026-03,Sajid-Wajid,Dhadhang Dhang,1,275160
2026-03,Sajid-Wajid,Mukhtasar,1,257530
2026-03,Salim–Sulaiman,Shukran Allah,1,290053
2026-03,Salim–Sulaiman,Tauba Tauba,1,305347
2026-03,Sanjay Leela Bhansali,Laal Ishq,1,302571
2026-03,Shaan,Woh Ladki Hai Kahan,2,612266
2026-03,Shailesh Ranade,Man Talyat Malyat,2,231109
2026-03,Shankar Mahadevan,Uff Teri Adaa,2,608178
2026-03,Shankar-Ehsaan-Loy,Achha Lagta Hai,1,236093
2026-03,Shankar-Ehsaan-Loy,Agar Main Kahoon,1,292800
2026-03,Shankar-Ehsaan-Loy,Bhaag Milkha Bhaag,1,217720
2026-03,Shankar-Ehsaan-Loy,Bhaag Milkha Bhaag - Rock Version,1,1544
2026-03,Shankar-Ehsaan-Loy,Chup Chup Ke,1,433920
2026-03,Shankar-Ehsaan-Loy,Kuch To Hua Hai,1,319560
2026-03,Shankar-Ehsaan-Loy,Lakshya,2,375707
2026-03,Shankar-Ehsaan-Loy,Mera Yaar,1,351290
2026-03,Shankar-Ehsaan-Loy,Mitwa,1,0
2026-03,Shankar-Ehsaan-Loy,O Rangrez,1,123234
2026-03,Shankar-Ehsaan-Loy,Soorma Anthem,1,15113
2026-03,Shankar-Ehsaan-Loy,Zinda,2,2597
2026-03,Shashwat Sachdev,Dhurandhar - Title Track,1,155591
2026-03,Shashwat Sachdev,"Dhurandhar The Revenge - Aari Aari (From ""Dhurandhar The Revenge"")",4,630121
2026-03,Shashwat Sachdev,"Main Aur Tu (From ""Dhurandhar The Revenge"")",6,1052722
2026-03,Sneha Khanwalkar,Tain Tain To To,1,239852
2026-03,Sonu Nigam,Meri Zindagi Mein Aaye Ho,1,6121
2026-03,Sonu Nigam,No Entry: Ishq Di Galli Vich,1,368840
2026-03,Sonu Nigam,Pal Pal Har Pal,1,273147
2026-03,Sonu Nigam,Sau Dard,1,330751
2026-03,Sonu Nigam,Tere Bin,1,244152
2026-03,Sudesh Bhosle,Tere Dware Pe Aai Baraat,1,21724
2026-03,Sursediltak Music,Yaari Yaari,1,124540
2026-03,Swanand Kirkire,Restart - Rap 'N' Folk,1,227540
2026-03,Tanishkaa,A Flying Jatt - Title Track,1,276732
2026-03,Udit Narayan,Jaane Kyon Log Pyar,1,289387
2026-03,Udit Narayan,Yun Hi Chala Chal,1,446987
2026-03,Vishal-Shekhar,Falak Tak,1,356180
2026-03,Vishal-Shekhar,Kukkad,1,29797
2026-03,Vishal-Shekhar,Manchala,1,227507
2026-04,Dhanush,Rowdy Baby,1,281440
2026-04,Pritam,Tum Mile,1,146886
2026-04,Pritam,Tum Se Hi,1,321225
2026-04,Sachin-Jigar,Mileya Mileya,1,1686
2026-04,Sachin-Jigar,"Pardesiya - From ""Param Sundari""",1,231739
2026-04,Sajid-Wajid,Chamak Challo Chel Chabeli,1,4143
2026-04,Santhosh Narayanan,Ei Suzhali,1,1266
2026-04,Vijay Antony,Karigalan,1,59818
